experiment;time;measurement;value;unit;replicate
all;0;fucose;0;g/L;1
all;2;fucose;0;g/L;1
all;4;fucose;0;g/L;1
all;6;fucose;0;g/L;1
all;8;fucose;0;g/L;1
all;10;fucose;0;g/L;1
all;12;fucose;0;g/L;1
all;14;fucose;3.142412664;g/L;1
all;16;fucose;2.442407184;g/L;1
all;18;fucose;1.955790073;g/L;1
all;20;fucose;3.418684514;g/L;1
all;0;galactose;0;g/L;1
all;2;galactose;0;g/L;1
all;4;galactose;0.307809354;g/L;1
all;6;galactose;0;g/L;1
all;8;galactose;0;g/L;1
all;10;galactose;0;g/L;1
all;12;galactose;0;g/L;1
all;14;galactose;0;g/L;1
all;16;galactose;0;g/L;1
all;18;galactose;0;g/L;1
all;20;galactose;0;g/L;1
all;0;glucose;0;g/L;1
all;2;glucose;0;g/L;1
all;4;glucose;0.385454779;g/L;1
all;6;glucose;0;g/L;1
all;8;glucose;0;g/L;1
all;10;glucose;0;g/L;1
all;12;glucose;0;g/L;1
all;14;glucose;0;g/L;1
all;16;glucose;0;g/L;1
all;18;glucose;0;g/L;1
all;20;glucose;0;g/L;1
all;0;lactose;1.3338158;g/L;1
all;2;lactose;0.835576289;g/L;1
all;4;lactose;1.554160829;g/L;1
all;6;lactose;1.601106731;g/L;1
all;8;lactose;1.99227375;g/L;1
all;10;lactose;1.907416839;g/L;1
all;12;lactose;2.722338748;g/L;1
all;14;lactose;1.885366059;g/L;1
all;16;lactose;0;g/L;1
all;18;lactose;0;g/L;1
all;20;lactose;0;g/L;1
all;0;2fl;8;g/L;1
all;2;2fl;6.931885313;g/L;1
all;4;2fl;7.81074719;g/L;1
all;6;2fl;9.691553416;g/L;1
all;8;2fl;9.266332447;g/L;1
all;10;2fl;9.014780462;g/L;1
all;12;2fl;7.675573089;g/L;1
all;14;2fl;2.048795614;g/L;1
all;16;2fl;0;g/L;1
all;18;2fl;0;g/L;1
all;20;2fl;0;g/L;1
all;0;3sl;3.440686591;g/L;1
all;2;3sl;2.618484921;g/L;1
all;4;3sl;2.463571977;g/L;1
all;6;3sl;3.12109924;g/L;1
all;8;3sl;2.165133528;g/L;1
all;10;3sl;2.839887893;g/L;1
all;12;3sl;3.187201018;g/L;1
all;14;3sl;2.011222552;g/L;1
all;16;3sl;0;g/L;1
all;18;3sl;0;g/L;1
all;20;3sl;0;g/L;1
all;0;lnt;8.896883329;g/L;1
all;2;lnt;9.582558944;g/L;1
all;4;lnt;9.129271387;g/L;1
all;6;lnt;13.29227018;g/L;1
all;8;lnt;13.65803405;g/L;1
all;10;lnt;12.63253446;g/L;1
all;12;lnt;8.55085936;g/L;1
all;14;lnt;1.886821262;g/L;1
all;16;lnt;0;g/L;1
all;18;lnt;0;g/L;1
all;20;lnt;0;g/L;1
all;0;fucose;0;g/L;2
all;2;fucose;0;g/L;2
all;4;fucose;0;g/L;2
all;6;fucose;0;g/L;2
all;8;fucose;0;g/L;2
all;10;fucose;0.657363663;g/L;2
all;12;fucose;2.465868667;g/L;2
all;14;fucose;4.334062165;g/L;2
all;16;fucose;5.411709621;g/L;2
all;18;fucose;2.653387173;g/L;2
all;20;fucose;0;g/L;2
all;0;galactose;0;g/L;2
all;2;galactose;0;g/L;2
all;4;galactose;0;g/L;2
all;6;galactose;0;g/L;2
all;8;galactose;0;g/L;2
all;10;galactose;0.302569891;g/L;2
all;12;galactose;0;g/L;2
all;14;galactose;0;g/L;2
all;16;galactose;0;g/L;2
all;18;galactose;0;g/L;2
all;20;galactose;0;g/L;2
all;0;glucose;0;g/L;2
all;2;glucose;0;g/L;2
all;4;glucose;0;g/L;2
all;6;glucose;0;g/L;2
all;8;glucose;0;g/L;2
all;10;glucose;0.444128406;g/L;2
all;12;glucose;0.378861192;g/L;2
all;14;glucose;0;g/L;2
all;16;glucose;0;g/L;2
all;18;glucose;0;g/L;2
all;20;glucose;0;g/L;2
all;0;lactose;1.07559252;g/L;2
all;2;lactose;1.56243252;g/L;2
all;4;lactose;2.421939374;g/L;2
all;6;lactose;1.358559613;g/L;2
all;8;lactose;3.209955098;g/L;2
all;10;lactose;5.432351182;g/L;2
all;12;lactose;4.895655914;g/L;2
all;14;lactose;0;g/L;2
all;16;lactose;0;g/L;2
all;18;lactose;0;g/L;2
all;20;lactose;0;g/L;2
all;0;2fl;8;g/L;2
all;2;2fl;11.89336668;g/L;2
all;4;2fl;12.55823589;g/L;2
all;6;2fl;9.34771543;g/L;2
all;8;2fl;14.71542161;g/L;2
all;10;2fl;13.49281436;g/L;2
all;12;2fl;7.026760188;g/L;2
all;14;2fl;0;g/L;2
all;16;2fl;0;g/L;2
all;18;2fl;0;g/L;2
all;20;2fl;0;g/L;2
all;0;3sl;5.429115273;g/L;2
all;2;3sl;5.1820095;g/L;2
all;4;3sl;4.843310531;g/L;2
all;6;3sl;7.048329035;g/L;2
all;8;3sl;8.043363946;g/L;2
all;10;3sl;8.386447845;g/L;2
all;12;3sl;4.678275026;g/L;2
all;14;3sl;0;g/L;2
all;16;3sl;0;g/L;2
all;18;3sl;0;g/L;2
all;20;3sl;0;g/L;2
all;0;lnt;12.10348882;g/L;2
all;2;lnt;18.68734877;g/L;2
all;4;lnt;19.59139125;g/L;2
all;6;lnt;14.15947206;g/L;2
all;8;lnt;21.96130087;g/L;2
all;10;lnt;19.97067287;g/L;2
all;12;lnt;8.72018765;g/L;2
all;14;lnt;0;g/L;2
all;16;lnt;0;g/L;2
all;18;lnt;0;g/L;2
all;20;lnt;0;g/L;2
all;10;acetate;1.184334939;g/L;1
all;10;succinate;0.56671466;g/L;1
all;10;lactate;2.025486964;g/L;1
all;10;butyrate;0.074710107;g/L;1
all;18;acetate;3.342214403;g/L;1
all;18;succinate;0.709391986;g/L;1
all;18;lactate;7.774198552;g/L;1
all;18;butyrate;0;g/L;1
all;10;acetate;1.120463844;g/L;2
all;10;succinate;0.498243414;g/L;2
all;10;lactate;1.753951817;g/L;2
all;10;butyrate;0.06301764;g/L;2
all;18;acetate;3.916219809;g/L;2
all;18;succinate;0.661467067;g/L;2
all;18;lactate;8.060454342;g/L;2
all;18;butyrate;0;g/L;2
all;0;neuac;4.891659286;g/L;1
all;4;neuac;5.334039336;g/L;1
all;8;neuac;6.405763836;g/L;1
all;12;neuac;14.08164956;g/L;1
all;16;neuac;14.0325451;g/L;1
all;20;neuac;5.922513516;g/L;1
all;0;neuac;4.653591708;g/L;2
all;4;neuac;4.72529982;g/L;2
all;8;neuac;6.727670904;g/L;2
all;12;neuac;12.53602798;g/L;2
all;16;neuac;12.50874772;g/L;2
all;20;neuac;5.210109012;g/L;2
all;0;biomass;0.146133333;od600;1
all;2;biomass;0.143066665;od600;1
all;4;biomass;0.15853333;od600;1
all;6;biomass;0.219566668;od600;1
all;8;biomass;0.449266672;od600;1
all;10;biomass;1.815999995;od600;1
all;12;biomass;2.114333361;od600;1
all;14;biomass;2.222000013;od600;1
all;16;biomass;2.182833304;od600;1
all;18;biomass;2.220333318;od600;1
all;20;biomass;2.167166716;od600;1
all;0;biomass;0.140833333;od600;2
all;2;biomass;0.139166668;od600;2
all;4;biomass;0.148099999;od600;2
all;6;biomass;0.187233334;od600;2
all;8;biomass;0.359299997;od600;2
all;10;biomass;1.437999954;od600;2
all;12;biomass;2.235000034;od600;2
all;14;biomass;2.316499949;od600;2
all;16;biomass;2.115000039;od600;2
all;18;biomass;2.240833392;od600;2
all;20;biomass;2.185166394;od600;2
all;10;bbif;0.1511;relative abundance;na
all;10;bthe;0.1864;relative abundance;na
all;10;lsym;0.0225;relative abundance;na
all;10;ecol;0.5964;relative abundance;na
all;10;binf;0.0002;relative abundance;na
all;10;paci;0.0023;relative abundance;na
all;10;bbre;0.0411;relative abundance;na
all;10;shannon_diversity;1.139149153;adimensional;na
all;18;bbif;0.8325;relative abundance;na
all;18;bthe;0.041;relative abundance;na
all;18;lsym;0.0096;relative abundance;na
all;18;ecol;0.099;relative abundance;na
all;18;binf;0.0002;relative abundance;na
all;18;paci;0.0021;relative abundance;na
all;18;bbre;0.0157;relative abundance;na
all;18;shannon_diversity;0.637000498;adimensional;na
bbif;0;fucose;0;g/L;1
bbif;2;fucose;0;g/L;1
bbif;4;fucose;0;g/L;1
bbif;6;fucose;0;g/L;1
bbif;8;fucose;3.004924153;g/L;1
bbif;10;fucose;1.123349439;g/L;1
bbif;12;fucose;0.753694319;g/L;1
bbif;14;fucose;0;g/L;1
bbif;16;fucose;0;g/L;1
bbif;18;fucose;0;g/L;1
bbif;20;fucose;0;g/L;1
bbif;0;galactose;0;g/L;1
bbif;2;galactose;0;g/L;1
bbif;4;galactose;0;g/L;1
bbif;6;galactose;0;g/L;1
bbif;8;galactose;3.156427893;g/L;1
bbif;10;galactose;0.905781974;g/L;1
bbif;12;galactose;0.71838224;g/L;1
bbif;14;galactose;0;g/L;1
bbif;16;galactose;0;g/L;1
bbif;18;galactose;0;g/L;1
bbif;20;galactose;0;g/L;1
bbif;0;glucose;0;g/L;1
bbif;2;glucose;0;g/L;1
bbif;4;glucose;0;g/L;1
bbif;6;glucose;0;g/L;1
bbif;8;glucose;3.060047711;g/L;1
bbif;10;glucose;0.695724136;g/L;1
bbif;12;glucose;0.555974291;g/L;1
bbif;14;glucose;1.027249075;g/L;1
bbif;16;glucose;0;g/L;1
bbif;18;glucose;0;g/L;1
bbif;20;glucose;0;g/L;1
bbif;0;lactose;0.923474874;g/L;1
bbif;2;lactose;0.820676552;g/L;1
bbif;4;lactose;0.477308525;g/L;1
bbif;6;lactose;0.721531205;g/L;1
bbif;8;lactose;3.128971051;g/L;1
bbif;10;lactose;1.00058298;g/L;1
bbif;12;lactose;0.829011329;g/L;1
bbif;14;lactose;0.604344535;g/L;1
bbif;16;lactose;0;g/L;1
bbif;18;lactose;0;g/L;1
bbif;20;lactose;0;g/L;1
bbif;0;2fl;8;g/L;1
bbif;2;2fl;7.050486817;g/L;1
bbif;4;2fl;8.276370387;g/L;1
bbif;6;2fl;10.51509079;g/L;1
bbif;8;2fl;2.462466569;g/L;1
bbif;10;2fl;6.450169411;g/L;1
bbif;12;2fl;2.744692511;g/L;1
bbif;14;2fl;2.377135878;g/L;1
bbif;16;2fl;0;g/L;1
bbif;18;2fl;0;g/L;1
bbif;20;2fl;0;g/L;1
bbif;0;3sl;3.246478876;g/L;1
bbif;2;3sl;3.66440622;g/L;1
bbif;4;3sl;4.349592568;g/L;1
bbif;6;3sl;5.006839861;g/L;1
bbif;8;3sl;3.893298156;g/L;1
bbif;10;3sl;5.141927342;g/L;1
bbif;12;3sl;4.221963176;g/L;1
bbif;14;3sl;0;g/L;1
bbif;16;3sl;0;g/L;1
bbif;18;3sl;0;g/L;1
bbif;20;3sl;0;g/L;1
bbif;0;lnt;9.872818545;g/L;1
bbif;2;lnt;9.401889837;g/L;1
bbif;4;lnt;10.34202392;g/L;1
bbif;6;lnt;12.21199573;g/L;1
bbif;8;lnt;6.857239954;g/L;1
bbif;10;lnt;4.820685528;g/L;1
bbif;12;lnt;5.010477365;g/L;1
bbif;14;lnt;0;g/L;1
bbif;16;lnt;0;g/L;1
bbif;18;lnt;0;g/L;1
bbif;20;lnt;0;g/L;1
bbif;0;fucose;0;g/L;2
bbif;2;fucose;0;g/L;2
bbif;4;fucose;0;g/L;2
bbif;6;fucose;0;g/L;2
bbif;8;fucose;0;g/L;2
bbif;10;fucose;0;g/L;2
bbif;12;fucose;0;g/L;2
bbif;14;fucose;0;g/L;2
bbif;16;fucose;0;g/L;2
bbif;18;fucose;0;g/L;2
bbif;20;fucose;0;g/L;2
bbif;0;galactose;0;g/L;2
bbif;2;galactose;0;g/L;2
bbif;4;galactose;0;g/L;2
bbif;6;galactose;0;g/L;2
bbif;8;galactose;0;g/L;2
bbif;10;galactose;0;g/L;2
bbif;12;galactose;0;g/L;2
bbif;14;galactose;0;g/L;2
bbif;16;galactose;0;g/L;2
bbif;18;galactose;0;g/L;2
bbif;20;galactose;0;g/L;2
bbif;0;glucose;0;g/L;2
bbif;2;glucose;0;g/L;2
bbif;4;glucose;0;g/L;2
bbif;6;glucose;0;g/L;2
bbif;8;glucose;0;g/L;2
bbif;10;glucose;0;g/L;2
bbif;12;glucose;0;g/L;2
bbif;14;glucose;0;g/L;2
bbif;16;glucose;0;g/L;2
bbif;18;glucose;0;g/L;2
bbif;20;glucose;0;g/L;2
bbif;0;lactose;2.083263843;g/L;2
bbif;2;lactose;1.411393155;g/L;2
bbif;4;lactose;1.510875477;g/L;2
bbif;6;lactose;0.767114626;g/L;2
bbif;8;lactose;1.643147486;g/L;2
bbif;10;lactose;0;g/L;2
bbif;12;lactose;0;g/L;2
bbif;14;lactose;0;g/L;2
bbif;16;lactose;0;g/L;2
bbif;18;lactose;0;g/L;2
bbif;20;lactose;0;g/L;2
bbif;0;2fl;8;g/L;2
bbif;2;2fl;8.370590111;g/L;2
bbif;4;2fl;7.431613034;g/L;2
bbif;6;2fl;9.952203616;g/L;2
bbif;8;2fl;6.37320415;g/L;2
bbif;10;2fl;6.922376181;g/L;2
bbif;12;2fl;4.522619737;g/L;2
bbif;14;2fl;0;g/L;2
bbif;16;2fl;0;g/L;2
bbif;18;2fl;0;g/L;2
bbif;20;2fl;0;g/L;2
bbif;0;3sl;6.778111967;g/L;2
bbif;2;3sl;5.013826881;g/L;2
bbif;4;3sl;6.690054957;g/L;2
bbif;6;3sl;7.152892506;g/L;2
bbif;8;3sl;4.360496997;g/L;2
bbif;10;3sl;1.199900479;g/L;2
bbif;12;3sl;1.390478469;g/L;2
bbif;14;3sl;0;g/L;2
bbif;16;3sl;0;g/L;2
bbif;18;3sl;0;g/L;2
bbif;20;3sl;0;g/L;2
bbif;0;lnt;12.94361715;g/L;2
bbif;2;lnt;15.62850239;g/L;2
bbif;4;lnt;14.79694502;g/L;2
bbif;6;lnt;18.12418896;g/L;2
bbif;8;lnt;14.38123829;g/L;2
bbif;10;lnt;0;g/L;2
bbif;12;lnt;0;g/L;2
bbif;14;lnt;0;g/L;2
bbif;16;lnt;0;g/L;2
bbif;18;lnt;0;g/L;2
bbif;20;lnt;0;g/L;2
bbif;10;acetate;4.479869164;g/L;1
bbif;10;succinate;0.804525446;g/L;1
bbif;10;lactate;4.021277757;g/L;1
bbif;10;butyrate;0.073202996;g/L;1
bbif;18;acetate;6.910484314;g/L;1
bbif;18;succinate;0.912443203;g/L;1
bbif;18;lactate;4.596104944;g/L;1
bbif;18;butyrate;0.326799199;g/L;1
bbif;10;acetate;2.755569169;g/L;2
bbif;10;succinate;0.482528826;g/L;2
bbif;10;lactate;3.3049081;g/L;2
bbif;10;butyrate;0.041865579;g/L;2
bbif;18;acetate;5.506409388;g/L;2
bbif;18;succinate;0.497210763;g/L;2
bbif;18;lactate;4.71584279;g/L;2
bbif;18;butyrate;0.035259613;g/L;2
bbif;0;neuac;4.805516721;g/L;1
bbif;4;neuac;4.209313188;g/L;1
bbif;8;neuac;3.515615148;g/L;1
bbif;12;neuac;2.53508466;g/L;1
bbif;16;neuac;3.878832324;g/L;1
bbif;20;neuac;4.496925072;g/L;1
bbif;0;neuac;3.864802476;g/L;2
bbif;4;neuac;4.660606632;g/L;2
bbif;8;neuac;12.50874772;g/L;2
bbif;12;neuac;5.686344408;g/L;2
bbif;16;neuac;8.940489708;g/L;2
bbif;20;neuac;5.08384038;g/L;2
bbif;0;biomass;0.146299998;od600;1
bbif;2;biomass;0.169766669;od600;1
bbif;4;biomass;0.270433327;od600;1
bbif;6;biomass;0.43963332;od600;1
bbif;8;biomass;0.79370002;od600;1
bbif;10;biomass;1.64199998;od600;1
bbif;12;biomass;1.881166647;od600;1
bbif;14;biomass;2.008333306;od600;1
bbif;16;biomass;2.004666726;od600;1
bbif;18;biomass;2.022499988;od600;1
bbif;20;biomass;2.030166686;od600;1
bbif;0;biomass;0.152666668;od600;2
bbif;2;biomass;0.143766666;od600;2
bbif;4;biomass;0.164366667;od600;2
bbif;6;biomass;0.229133338;od600;2
bbif;8;biomass;0.436999997;od600;2
bbif;10;biomass;1.269166668;od600;2
bbif;12;biomass;1.356166651;od600;2
bbif;14;biomass;1.566499968;od600;2
bbif;16;biomass;1.758999974;od600;2
bbif;18;biomass;1.848166684;od600;2
bbif;20;biomass;1.739833355;od600;2
bbif;10;bbif;0.0001;relative abundance;na
bbif;10;bthe;0.2573;relative abundance;na
bbif;10;lsym;0.048;relative abundance;na
bbif;10;ecol;0.426;relative abundance;na
bbif;10;binf;0.1514;relative abundance;na
bbif;10;paci;0.0001;relative abundance;na
bbif;10;bbre;0.1171;relative abundance;na
bbif;10;shannon_diversity;1.397362227;adimensional;na
bbif;18;bbif;0.0005;relative abundance;na
bbif;18;bthe;0.3827;relative abundance;na
bbif;18;lsym;0.0879;relative abundance;na
bbif;18;ecol;0.218;relative abundance;na
bbif;18;binf;0.2805;relative abundance;na
bbif;18;paci;0.0001;relative abundance;na
bbif;18;bbre;0.0304;relative abundance;na
bbif;18;shannon_diversity;1.380873907;adimensional;na
bbre;0;fucose;0;g/L;1
bbre;2;fucose;0;g/L;1
bbre;4;fucose;0;g/L;1
bbre;6;fucose;0;g/L;1
bbre;8;fucose;0;g/L;1
bbre;10;fucose;2.205115043;g/L;1
bbre;12;fucose;4.947801272;g/L;1
bbre;14;fucose;3.815609538;g/L;1
bbre;16;fucose;3.634521447;g/L;1
bbre;18;fucose;0;g/L;1
bbre;20;fucose;0;g/L;1
bbre;0;galactose;0;g/L;1
bbre;2;galactose;0;g/L;1
bbre;4;galactose;0;g/L;1
bbre;6;galactose;0;g/L;1
bbre;8;galactose;0;g/L;1
bbre;10;galactose;0;g/L;1
bbre;12;galactose;0.987431721;g/L;1
bbre;14;galactose;0.981308899;g/L;1
bbre;16;galactose;2.450114564;g/L;1
bbre;18;galactose;0.761149712;g/L;1
bbre;20;galactose;0.331334127;g/L;1
bbre;0;glucose;0;g/L;1
bbre;2;glucose;0;g/L;1
bbre;4;glucose;0;g/L;1
bbre;6;glucose;0;g/L;1
bbre;8;glucose;0;g/L;1
bbre;10;glucose;0;g/L;1
bbre;12;glucose;0.825849392;g/L;1
bbre;14;glucose;0.813603747;g/L;1
bbre;16;glucose;2.911206035;g/L;1
bbre;18;glucose;1.332089726;g/L;1
bbre;20;glucose;0.577510674;g/L;1
bbre;0;lactose;2.2597315;g/L;1
bbre;2;lactose;1.910087714;g/L;1
bbre;4;lactose;1.785279321;g/L;1
bbre;6;lactose;2.528935372;g/L;1
bbre;8;lactose;4.924240128;g/L;1
bbre;10;lactose;12.98230293;g/L;1
bbre;12;lactose;15.77159252;g/L;1
bbre;14;lactose;9.104572067;g/L;1
bbre;16;lactose;2.943937813;g/L;1
bbre;18;lactose;1.291426874;g/L;1
bbre;20;lactose;0.605531366;g/L;1
bbre;0;2fl;8;g/L;1
bbre;2;2fl;13.91839636;g/L;1
bbre;4;2fl;14.85569943;g/L;1
bbre;6;2fl;13.24976475;g/L;1
bbre;8;2fl;9.591521558;g/L;1
bbre;10;2fl;7.195790695;g/L;1
bbre;12;2fl;0.378896377;g/L;1
bbre;14;2fl;0;g/L;1
bbre;16;2fl;0;g/L;1
bbre;18;2fl;0;g/L;1
bbre;20;2fl;0;g/L;1
bbre;0;3sl;3.16272524;g/L;1
bbre;2;3sl;7.332829319;g/L;1
bbre;4;3sl;6.640706993;g/L;1
bbre;6;3sl;4.183211168;g/L;1
bbre;8;3sl;6.389342425;g/L;1
bbre;10;3sl;1.364343161;g/L;1
bbre;12;3sl;1.621595371;g/L;1
bbre;14;3sl;0.794243019;g/L;1
bbre;16;3sl;0.820894836;g/L;1
bbre;18;3sl;0;g/L;1
bbre;20;3sl;0;g/L;1
bbre;0;lnt;6.062146284;g/L;1
bbre;2;lnt;11.90542991;g/L;1
bbre;4;lnt;12.52343184;g/L;1
bbre;6;lnt;10.790547;g/L;1
bbre;8;lnt;4.842064368;g/L;1
bbre;10;lnt;2.891455001;g/L;1
bbre;12;lnt;1.426725803;g/L;1
bbre;14;lnt;0.427731849;g/L;1
bbre;16;lnt;0;g/L;1
bbre;18;lnt;0;g/L;1
bbre;20;lnt;0;g/L;1
bbre;0;fucose;0;g/L;2
bbre;2;fucose;0;g/L;2
bbre;4;fucose;0;g/L;2
bbre;6;fucose;0;g/L;2
bbre;8;fucose;1.23452052;g/L;2
bbre;10;fucose;2.642865184;g/L;2
bbre;12;fucose;1.43062053;g/L;2
bbre;14;fucose;1.824957211;g/L;2
bbre;16;fucose;2.633002097;g/L;2
bbre;18;fucose;2.528775622;g/L;2
bbre;20;fucose;1.838771079;g/L;2
bbre;0;galactose;0;g/L;2
bbre;2;galactose;0;g/L;2
bbre;4;galactose;0;g/L;2
bbre;6;galactose;0.153510194;g/L;2
bbre;8;galactose;1.304082649;g/L;2
bbre;10;galactose;0.742236592;g/L;2
bbre;12;galactose;0.95147536;g/L;2
bbre;14;galactose;0.085717658;g/L;2
bbre;16;galactose;0;g/L;2
bbre;18;galactose;0.193436896;g/L;2
bbre;20;galactose;0;g/L;2
bbre;0;glucose;0;g/L;2
bbre;2;glucose;0;g/L;2
bbre;4;glucose;0;g/L;2
bbre;6;glucose;0.127456119;g/L;2
bbre;8;glucose;1.156225698;g/L;2
bbre;10;glucose;1.109981802;g/L;2
bbre;12;glucose;1.786901568;g/L;2
bbre;14;glucose;1.722615063;g/L;2
bbre;16;glucose;1.042057868;g/L;2
bbre;18;glucose;0;g/L;2
bbre;20;glucose;0;g/L;2
bbre;0;lactose;3.097437032;g/L;2
bbre;2;lactose;1.197736795;g/L;2
bbre;4;lactose;1.225763677;g/L;2
bbre;6;lactose;2.013109776;g/L;2
bbre;8;lactose;4.167446406;g/L;2
bbre;10;lactose;7.424832639;g/L;2
bbre;12;lactose;1.004074057;g/L;2
bbre;14;lactose;0.373939324;g/L;2
bbre;16;lactose;0;g/L;2
bbre;18;lactose;0;g/L;2
bbre;20;lactose;0;g/L;2
bbre;0;2fl;8;g/L;2
bbre;2;2fl;7.771103466;g/L;2
bbre;4;2fl;7.290454808;g/L;2
bbre;6;2fl;6.236006266;g/L;2
bbre;8;2fl;1.509612461;g/L;2
bbre;10;2fl;0;g/L;2
bbre;12;2fl;0;g/L;2
bbre;14;2fl;0;g/L;2
bbre;16;2fl;0;g/L;2
bbre;18;2fl;0;g/L;2
bbre;20;2fl;0;g/L;2
bbre;0;3sl;3.813447692;g/L;2
bbre;2;3sl;3.941712595;g/L;2
bbre;4;3sl;2.183530297;g/L;2
bbre;6;3sl;2.528114678;g/L;2
bbre;8;3sl;0.498185919;g/L;2
bbre;10;3sl;0;g/L;2
bbre;12;3sl;0;g/L;2
bbre;14;3sl;0;g/L;2
bbre;16;3sl;0;g/L;2
bbre;18;3sl;0;g/L;2
bbre;20;3sl;0;g/L;2
bbre;0;lnt;6.157363018;g/L;2
bbre;2;lnt;5.757712607;g/L;2
bbre;4;lnt;6.057465375;g/L;2
bbre;6;lnt;4.563067007;g/L;2
bbre;8;lnt;0.307833767;g/L;2
bbre;10;lnt;0;g/L;2
bbre;12;lnt;0;g/L;2
bbre;14;lnt;0;g/L;2
bbre;16;lnt;0;g/L;2
bbre;18;lnt;0;g/L;2
bbre;20;lnt;0;g/L;2
bbre;10;acetate;1.639610289;g/L;1
bbre;10;succinate;1.034536096;g/L;1
bbre;10;lactate;1.186515208;g/L;1
bbre;10;butyrate;0.07765021;g/L;1
bbre;18;acetate;3.685821837;g/L;1
bbre;18;succinate;3.916756795;g/L;1
bbre;18;lactate;2.679867749;g/L;1
bbre;18;butyrate;0.041269528;g/L;1
bbre;10;acetate;1.913804078;g/L;2
bbre;10;succinate;0.861778519;g/L;2
bbre;10;lactate;2.395374886;g/L;2
bbre;10;butyrate;0.055099129;g/L;2
bbre;18;acetate;3.844201777;g/L;2
bbre;18;succinate;0.983456067;g/L;2
bbre;18;lactate;7.854639664;g/L;2
bbre;18;butyrate;0.048357276;g/L;2
bbre;0;neuac;3.484719209;g/L;1
bbre;4;neuac;4.069794144;g/L;1
bbre;8;neuac;4.541352924;g/L;1
bbre;12;neuac;9.022330488;g/L;1
bbre;16;neuac;12.22347414;g/L;1
bbre;20;neuac;6.800158452;g/L;1
bbre;0;neuac;2.911552248;g/L;2
bbre;4;neuac;3.896759352;g/L;2
bbre;8;neuac;12.0254974;g/L;2
bbre;12;neuac;13.23050545;g/L;2
bbre;16;neuac;10.76670826;g/L;2
bbre;20;neuac;9.176658816;g/L;2
bbre;0;biomass;0.169266671;od600;1
bbre;2;biomass;0.1881;od600;1
bbre;4;biomass;0.222466667;od600;1
bbre;6;biomass;0.298133334;od600;1
bbre;8;biomass;0.331333329;od600;1
bbre;10;biomass;0.820500006;od600;1
bbre;12;biomass;1.053499977;od600;1
bbre;14;biomass;1.360333314;od600;1
bbre;16;biomass;1.691166659;od600;1
bbre;18;biomass;1.893666635;od600;1
bbre;20;biomass;1.954166641;od600;1
bbre;0;biomass;0.184900001;od600;2
bbre;2;biomass;0.12666667;od600;2
bbre;4;biomass;0.146800001;od600;2
bbre;6;biomass;0.192600002;od600;2
bbre;8;biomass;0.28763334;od600;2
bbre;10;biomass;0.892166669;od600;2
bbre;12;biomass;1.262833377;od600;2
bbre;14;biomass;1.53550004;od600;2
bbre;16;biomass;1.699166646;od600;2
bbre;18;biomass;1.815499961;od600;2
bbre;20;biomass;1.802999973;od600;2
bbre;10;bbif;0.0273;relative abundance;na
bbre;10;bthe;0.6798;relative abundance;na
bbre;10;lsym;0.0039;relative abundance;na
bbre;10;ecol;0.2771;relative abundance;na
bbre;10;binf;0.0002;relative abundance;na
bbre;10;paci;0;relative abundance;na
bbre;10;bbre;0.0117;relative abundance;na
bbre;10;shannon_diversity;0.791680179;adimensional;na
bbre;18;bbif;0.009;relative abundance;na
bbre;18;bthe;0.9595;relative abundance;na
bbre;18;lsym;0.0007;relative abundance;na
bbre;18;ecol;0.0307;relative abundance;na
bbre;18;binf;0.0001;relative abundance;na
bbre;18;paci;0;relative abundance;na
bbre;18;bbre;0.0001;relative abundance;na
bbre;18;shannon_diversity;0.195933743;adimensional;na
binf;0;fucose;0;g/L;1
binf;2;fucose;0;g/L;1
binf;4;fucose;0;g/L;1
binf;6;fucose;3.437321946;g/L;1
binf;8;fucose;4.006562968;g/L;1
binf;10;fucose;5.85962518;g/L;1
binf;12;fucose;2.072403226;g/L;1
binf;14;fucose;1.178795873;g/L;1
binf;16;fucose;1.775015876;g/L;1
binf;18;fucose;0;g/L;1
binf;20;fucose;0;g/L;1
binf;0;galactose;0;g/L;1
binf;2;galactose;0;g/L;1
binf;4;galactose;0;g/L;1
binf;6;galactose;4.262532444;g/L;1
binf;8;galactose;3.192743906;g/L;1
binf;10;galactose;0;g/L;1
binf;12;galactose;0;g/L;1
binf;14;galactose;0;g/L;1
binf;16;galactose;0;g/L;1
binf;18;galactose;0;g/L;1
binf;20;galactose;0;g/L;1
binf;0;glucose;0;g/L;1
binf;2;glucose;0;g/L;1
binf;4;glucose;0;g/L;1
binf;6;glucose;4.457579932;g/L;1
binf;8;glucose;6.539357362;g/L;1
binf;10;glucose;4.694808931;g/L;1
binf;12;glucose;0;g/L;1
binf;14;glucose;0;g/L;1
binf;16;glucose;0;g/L;1
binf;18;glucose;0;g/L;1
binf;20;glucose;0;g/L;1
binf;0;lactose;1.520889105;g/L;1
binf;2;lactose;4.536859392;g/L;1
binf;4;lactose;8.168425857;g/L;1
binf;6;lactose;24.78048798;g/L;1
binf;8;lactose;5.316560046;g/L;1
binf;10;lactose;0;g/L;1
binf;12;lactose;0;g/L;1
binf;14;lactose;0;g/L;1
binf;16;lactose;0;g/L;1
binf;18;lactose;0;g/L;1
binf;20;lactose;0;g/L;1
binf;0;2fl;8;g/L;1
binf;2;2fl;33.88501401;g/L;1
binf;4;2fl;33.89046674;g/L;1
binf;6;2fl;8.609519276;g/L;1
binf;8;2fl;0;g/L;1
binf;10;2fl;0;g/L;1
binf;12;2fl;0;g/L;1
binf;14;2fl;0;g/L;1
binf;16;2fl;0;g/L;1
binf;18;2fl;0;g/L;1
binf;20;2fl;0;g/L;1
binf;0;3sl;4.711293775;g/L;1
binf;2;3sl;15.62712105;g/L;1
binf;4;3sl;12.62082397;g/L;1
binf;6;3sl;1.532845067;g/L;1
binf;8;3sl;0;g/L;1
binf;10;3sl;0;g/L;1
binf;12;3sl;0;g/L;1
binf;14;3sl;0;g/L;1
binf;16;3sl;0;g/L;1
binf;18;3sl;0;g/L;1
binf;20;3sl;0;g/L;1
binf;0;lnt;10.54660534;g/L;1
binf;2;lnt;46.83896105;g/L;1
binf;4;lnt;41.69725869;g/L;1
binf;6;lnt;2.590905997;g/L;1
binf;8;lnt;0;g/L;1
binf;10;lnt;0;g/L;1
binf;12;lnt;0;g/L;1
binf;14;lnt;0;g/L;1
binf;16;lnt;0;g/L;1
binf;18;lnt;0;g/L;1
binf;20;lnt;0;g/L;1
binf;0;fucose;0;g/L;2
binf;2;fucose;0;g/L;2
binf;4;fucose;0;g/L;2
binf;6;fucose;0.784271377;g/L;2
binf;8;fucose;2.080091623;g/L;2
binf;10;fucose;1.533450396;g/L;2
binf;12;fucose;1.742329846;g/L;2
binf;14;fucose;0.234166335;g/L;2
binf;16;fucose;0.126680603;g/L;2
binf;18;fucose;0;g/L;2
binf;20;fucose;0;g/L;2
binf;0;galactose;0;g/L;2
binf;2;galactose;0;g/L;2
binf;4;galactose;0;g/L;2
binf;6;galactose;1.238994555;g/L;2
binf;8;galactose;0.62949652;g/L;2
binf;10;galactose;1.429524721;g/L;2
binf;12;galactose;0;g/L;2
binf;14;galactose;0;g/L;2
binf;16;galactose;0;g/L;2
binf;18;galactose;0;g/L;2
binf;20;galactose;0;g/L;2
binf;0;glucose;0;g/L;2
binf;2;glucose;0;g/L;2
binf;4;glucose;0;g/L;2
binf;6;glucose;1.331039299;g/L;2
binf;8;glucose;2.757450765;g/L;2
binf;10;glucose;0;g/L;2
binf;12;glucose;0;g/L;2
binf;14;glucose;0;g/L;2
binf;16;glucose;0;g/L;2
binf;18;glucose;0;g/L;2
binf;20;glucose;0;g/L;2
binf;0;lactose;1.234056232;g/L;2
binf;2;lactose;1.427599701;g/L;2
binf;4;lactose;2.299969639;g/L;2
binf;6;lactose;5.950860439;g/L;2
binf;8;lactose;4.908887112;g/L;2
binf;10;lactose;0;g/L;2
binf;12;lactose;0;g/L;2
binf;14;lactose;0;g/L;2
binf;16;lactose;0;g/L;2
binf;18;lactose;0;g/L;2
binf;20;lactose;0;g/L;2
binf;0;2fl;8;g/L;2
binf;2;2fl;8.152027138;g/L;2
binf;4;2fl;7.77695618;g/L;2
binf;6;2fl;2.715225312;g/L;2
binf;8;2fl;0;g/L;2
binf;10;2fl;0;g/L;2
binf;12;2fl;0;g/L;2
binf;14;2fl;0;g/L;2
binf;16;2fl;0;g/L;2
binf;18;2fl;0;g/L;2
binf;20;2fl;0;g/L;2
binf;0;3sl;4.561117998;g/L;2
binf;2;3sl;5.228657907;g/L;2
binf;4;3sl;4.982717791;g/L;2
binf;6;3sl;0;g/L;2
binf;8;3sl;0;g/L;2
binf;10;3sl;0;g/L;2
binf;12;3sl;0;g/L;2
binf;14;3sl;0;g/L;2
binf;16;3sl;0;g/L;2
binf;18;3sl;0;g/L;2
binf;20;3sl;0;g/L;2
binf;0;lnt;13.17540668;g/L;2
binf;2;lnt;12.08202384;g/L;2
binf;4;lnt;10.45475723;g/L;2
binf;6;lnt;1.758735648;g/L;2
binf;8;lnt;0;g/L;2
binf;10;lnt;0;g/L;2
binf;12;lnt;0;g/L;2
binf;14;lnt;0;g/L;2
binf;16;lnt;0;g/L;2
binf;18;lnt;0;g/L;2
binf;20;lnt;0;g/L;2
binf;10;acetate;3.818948473;g/L;1
binf;10;succinate;0.31965574;g/L;1
binf;10;lactate;6.231835025;g/L;1
binf;10;butyrate;0;g/L;1
binf;18;acetate;4.103204056;g/L;1
binf;18;succinate;0.443657704;g/L;1
binf;18;lactate;7.271913597;g/L;1
binf;18;butyrate;0;g/L;1
binf;10;acetate;3.632926048;g/L;2
binf;10;succinate;0.300606947;g/L;2
binf;10;lactate;5.892158914;g/L;2
binf;10;butyrate;0;g/L;2
binf;18;acetate;4.677776015;g/L;2
binf;18;succinate;0.685522885;g/L;2
binf;18;lactate;7.629392447;g/L;2
binf;18;butyrate;0.016090268;g/L;2
binf;0;neuac;5.542644029;g/L;1
binf;4;neuac;6.956045652;g/L;1
binf;8;neuac;13.7792284;g/L;1
binf;12;neuac;19.44650755;g/L;1
binf;16;neuac;12.40118555;g/L;1
binf;20;neuac;11.98184898;g/L;1
binf;0;neuac;4.661386068;g/L;2
binf;4;neuac;8.37695748;g/L;2
binf;8;neuac;18.74735346;g/L;2
binf;12;neuac;17.41217959;g/L;2
binf;16;neuac;8.70042342;g/L;2
binf;20;neuac;16.38800069;g/L;2
binf;0;biomass;0.147866671;od600;1
binf;2;biomass;0.142833332;od600;1
binf;4;biomass;0.170566663;od600;1
binf;6;biomass;0.295933336;od600;1
binf;8;biomass;0.723066668;od600;1
binf;10;biomass;1.770166655;od600;1
binf;12;biomass;1.928166697;od600;1
binf;14;biomass;1.914333353;od600;1
binf;16;biomass;1.976166666;od600;1
binf;18;biomass;2.049833337;od600;1
binf;20;biomass;2.270500014;od600;1
binf;0;biomass;0.143533329;od600;2
binf;2;biomass;0.139900004;od600;2
binf;4;biomass;0.168133333;od600;2
binf;6;biomass;0.309100002;od600;2
binf;8;biomass;0.710333327;od600;2
binf;10;biomass;1.796666682;od600;2
binf;12;biomass;1.860500028;od600;2
binf;14;biomass;2.005999982;od600;2
binf;16;biomass;1.906999995;od600;2
binf;18;biomass;2.044833302;od600;2
binf;20;biomass;2.049666643;od600;2
binf;10;bbif;0.8902;relative abundance;na
binf;10;bthe;0.0616;relative abundance;na
binf;10;lsym;0.016;relative abundance;na
binf;10;ecol;0.0187;relative abundance;na
binf;10;binf;0.0001;relative abundance;na
binf;10;paci;0.0002;relative abundance;na
binf;10;bbre;0.0133;relative abundance;na
binf;10;shannon_diversity;0.47587799;adimensional;na
binf;18;bbif;0.9058;relative abundance;na
binf;18;bthe;0.0655;relative abundance;na
binf;18;lsym;0.0136;relative abundance;na
binf;18;ecol;0.0087;relative abundance;na
binf;18;binf;0.0002;relative abundance;na
binf;18;paci;0.0003;relative abundance;na
binf;18;bbre;0.006;relative abundance;na
binf;18;shannon_diversity;0.402708608;adimensional;na
bthe;0;fucose;0;g/L;1
bthe;2;fucose;0;g/L;1
bthe;4;fucose;0;g/L;1
bthe;6;fucose;2.291883881;g/L;1
bthe;8;fucose;4.472414941;g/L;1
bthe;10;fucose;4.112664123;g/L;1
bthe;12;fucose;4.286473522;g/L;1
bthe;14;fucose;1.056613343;g/L;1
bthe;16;fucose;0;g/L;1
bthe;18;fucose;0;g/L;1
bthe;20;fucose;0;g/L;1
bthe;0;galactose;0;g/L;1
bthe;2;galactose;0;g/L;1
bthe;4;galactose;0;g/L;1
bthe;6;galactose;0.208082722;g/L;1
bthe;8;galactose;0.406172464;g/L;1
bthe;10;galactose;0;g/L;1
bthe;12;galactose;0;g/L;1
bthe;14;galactose;0;g/L;1
bthe;16;galactose;0;g/L;1
bthe;18;galactose;0;g/L;1
bthe;20;galactose;0;g/L;1
bthe;0;glucose;0;g/L;1
bthe;2;glucose;0;g/L;1
bthe;4;glucose;0;g/L;1
bthe;6;glucose;0.659804578;g/L;1
bthe;8;glucose;2.814481148;g/L;1
bthe;10;glucose;2.99834871;g/L;1
bthe;12;glucose;1.058937156;g/L;1
bthe;14;glucose;0;g/L;1
bthe;16;glucose;0;g/L;1
bthe;18;glucose;0;g/L;1
bthe;20;glucose;0;g/L;1
bthe;0;lactose;1.651279049;g/L;1
bthe;2;lactose;1.33772163;g/L;1
bthe;4;lactose;4.748466132;g/L;1
bthe;6;lactose;11.74414729;g/L;1
bthe;8;lactose;9.344908036;g/L;1
bthe;10;lactose;0.409076079;g/L;1
bthe;12;lactose;0;g/L;1
bthe;14;lactose;0;g/L;1
bthe;16;lactose;0;g/L;1
bthe;18;lactose;0;g/L;1
bthe;20;lactose;0;g/L;1
bthe;0;2fl;8;g/L;1
bthe;2;2fl;7.344309713;g/L;1
bthe;4;2fl;12.32988017;g/L;1
bthe;6;2fl;7.127323318;g/L;1
bthe;8;2fl;0.32516897;g/L;1
bthe;10;2fl;0;g/L;1
bthe;12;2fl;0;g/L;1
bthe;14;2fl;0;g/L;1
bthe;16;2fl;0;g/L;1
bthe;18;2fl;0;g/L;1
bthe;20;2fl;0;g/L;1
bthe;0;3sl;3.866150682;g/L;1
bthe;2;3sl;4.318273036;g/L;1
bthe;4;3sl;7.045490926;g/L;1
bthe;6;3sl;3.333936106;g/L;1
bthe;8;3sl;0;g/L;1
bthe;10;3sl;0;g/L;1
bthe;12;3sl;0;g/L;1
bthe;14;3sl;0;g/L;1
bthe;16;3sl;0;g/L;1
bthe;18;3sl;0;g/L;1
bthe;20;3sl;0;g/L;1
bthe;0;lnt;10.9464485;g/L;1
bthe;2;lnt;10.62354788;g/L;1
bthe;4;lnt;16.8349738;g/L;1
bthe;6;lnt;3.433625054;g/L;1
bthe;8;lnt;0;g/L;1
bthe;10;lnt;0;g/L;1
bthe;12;lnt;0;g/L;1
bthe;14;lnt;0;g/L;1
bthe;16;lnt;0;g/L;1
bthe;18;lnt;0;g/L;1
bthe;20;lnt;0;g/L;1
bthe;0;fucose;0;g/L;2
bthe;2;fucose;0;g/L;2
bthe;4;fucose;0;g/L;2
bthe;6;fucose;0.794217055;g/L;2
bthe;8;fucose;2.450052325;g/L;2
bthe;10;fucose;6.454779187;g/L;2
bthe;12;fucose;3.207144126;g/L;2
bthe;14;fucose;2.129460082;g/L;2
bthe;16;fucose;0.570566074;g/L;2
bthe;18;fucose;0;g/L;2
bthe;20;fucose;0;g/L;2
bthe;0;galactose;0;g/L;2
bthe;2;galactose;0;g/L;2
bthe;4;galactose;0;g/L;2
bthe;6;galactose;0;g/L;2
bthe;8;galactose;0;g/L;2
bthe;10;galactose;0;g/L;2
bthe;12;galactose;0;g/L;2
bthe;14;galactose;0;g/L;2
bthe;16;galactose;0;g/L;2
bthe;18;galactose;0;g/L;2
bthe;20;galactose;0;g/L;2
bthe;0;glucose;0;g/L;2
bthe;2;glucose;0;g/L;2
bthe;4;glucose;0;g/L;2
bthe;6;glucose;0.363924638;g/L;2
bthe;8;glucose;1.447747327;g/L;2
bthe;10;glucose;4.803564673;g/L;2
bthe;12;glucose;0.659040895;g/L;2
bthe;14;glucose;0;g/L;2
bthe;16;glucose;0;g/L;2
bthe;18;glucose;0;g/L;2
bthe;20;glucose;0;g/L;2
bthe;0;lactose;1.827020899;g/L;2
bthe;2;lactose;1.84198241;g/L;2
bthe;4;lactose;2.759232618;g/L;2
bthe;6;lactose;6.843130749;g/L;2
bthe;8;lactose;7.467419027;g/L;2
bthe;10;lactose;0.841566642;g/L;2
bthe;12;lactose;0;g/L;2
bthe;14;lactose;0;g/L;2
bthe;16;lactose;0;g/L;2
bthe;18;lactose;0;g/L;2
bthe;20;lactose;0;g/L;2
bthe;0;2fl;8;g/L;2
bthe;2;2fl;7.226374827;g/L;2
bthe;4;2fl;7.23801299;g/L;2
bthe;6;2fl;5.628623718;g/L;2
bthe;8;2fl;0.635836462;g/L;2
bthe;10;2fl;0;g/L;2
bthe;12;2fl;0;g/L;2
bthe;14;2fl;0;g/L;2
bthe;16;2fl;0;g/L;2
bthe;18;2fl;0;g/L;2
bthe;20;2fl;0;g/L;2
bthe;0;3sl;4.794888091;g/L;2
bthe;2;3sl;5.474648281;g/L;2
bthe;4;3sl;4.669998622;g/L;2
bthe;6;3sl;3.17546904;g/L;2
bthe;8;3sl;0;g/L;2
bthe;10;3sl;0;g/L;2
bthe;12;3sl;0;g/L;2
bthe;14;3sl;0;g/L;2
bthe;16;3sl;0;g/L;2
bthe;18;3sl;0;g/L;2
bthe;20;3sl;0;g/L;2
bthe;0;lnt;13.02140001;g/L;2
bthe;2;lnt;10.74483865;g/L;2
bthe;4;lnt;10.01249132;g/L;2
bthe;6;lnt;4.205060224;g/L;2
bthe;8;lnt;0;g/L;2
bthe;10;lnt;0;g/L;2
bthe;12;lnt;0;g/L;2
bthe;14;lnt;0;g/L;2
bthe;16;lnt;0;g/L;2
bthe;18;lnt;0;g/L;2
bthe;20;lnt;0;g/L;2
bthe;10;acetate;4.024826584;g/L;1
bthe;10;succinate;0.152309102;g/L;1
bthe;10;lactate;5.189158456;g/L;1
bthe;10;butyrate;0;g/L;1
bthe;18;acetate;4.638446738;g/L;1
bthe;18;succinate;0.34446604;g/L;1
bthe;18;lactate;6.660682167;g/L;1
bthe;18;butyrate;0;g/L;1
bthe;10;acetate;3.72013998;g/L;2
bthe;10;succinate;0.151665124;g/L;2
bthe;10;lactate;5.101201707;g/L;2
bthe;10;butyrate;0;g/L;2
bthe;18;acetate;4.281053195;g/L;2
bthe;18;succinate;0.2431824;g/L;2
bthe;18;lactate;6.539955952;g/L;2
bthe;18;butyrate;0;g/L;2
bthe;0;neuac;4.03260929;g/L;1
bthe;4;neuac;7.851617616;g/L;1
bthe;8;neuac;16.99206359;g/L;1
bthe;12;neuac;16.15416989;g/L;1
bthe;16;neuac;10.39803503;g/L;1
bthe;20;neuac;6.201551604;g/L;1
bthe;0;neuac;3.748666512;g/L;2
bthe;4;neuac;2.949744612;g/L;2
bthe;8;neuac;16.60390446;g/L;2
bthe;12;neuac;14.76131776;g/L;2
bthe;16;neuac;14.41836592;g/L;2
bthe;20;neuac;6.271700844;g/L;2
bthe;0;biomass;0.134333332;od600;1
bthe;2;biomass;0.140799999;od600;1
bthe;4;biomass;0.194066669;od600;1
bthe;6;biomass;0.359866659;od600;1
bthe;8;biomass;0.709099988;od600;1
bthe;10;biomass;1.785833339;od600;1
bthe;12;biomass;1.886500021;od600;1
bthe;14;biomass;2.029666652;od600;1
bthe;16;biomass;1.946499993;od600;1
bthe;18;biomass;1.950000028;od600;1
bthe;20;biomass;1.99999998;od600;1
bthe;0;biomass;0.129900003;od600;2
bthe;2;biomass;0.131866669;od600;2
bthe;4;biomass;0.185333331;od600;2
bthe;6;biomass;0.296033323;od600;2
bthe;8;biomass;0.607666671;od600;2
bthe;10;biomass;1.776333352;od600;2
bthe;12;biomass;1.930666665;od600;2
bthe;14;biomass;1.98300004;od600;2
bthe;16;biomass;1.956166625;od600;2
bthe;18;biomass;1.944333315;od600;2
bthe;20;biomass;1.963666677;od600;2
bthe;10;bbif;0.8454;relative abundance;na
bthe;10;bthe;0.0549;relative abundance;na
bthe;10;lsym;0.019;relative abundance;na
bthe;10;ecol;0.0579;relative abundance;na
bthe;10;binf;0.0001;relative abundance;na
bthe;10;paci;0.0003;relative abundance;na
bthe;10;bbre;0.0224;relative abundance;na
bthe;10;shannon_diversity;0.630021724;adimensional;na
bthe;18;bbif;0.5387;relative abundance;na
bthe;18;bthe;0.0313;relative abundance;na
bthe;18;lsym;0.0089;relative abundance;na
bthe;18;ecol;0.4023;relative abundance;na
bthe;18;binf;0.0016;relative abundance;na
bthe;18;paci;0.0005;relative abundance;na
bthe;18;bbre;0.0167;relative abundance;na
bthe;18;shannon_diversity;0.93244877;adimensional;na
ecol;0;fucose;0;g/L;1
ecol;2;fucose;0;g/L;1
ecol;4;fucose;0;g/L;1
ecol;6;fucose;0;g/L;1
ecol;8;fucose;3.670673858;g/L;1
ecol;10;fucose;0;g/L;1
ecol;12;fucose;0;g/L;1
ecol;14;fucose;0;g/L;1
ecol;16;fucose;0;g/L;1
ecol;18;fucose;0;g/L;1
ecol;20;fucose;0;g/L;1
ecol;0;galactose;0;g/L;1
ecol;2;galactose;0;g/L;1
ecol;4;galactose;0;g/L;1
ecol;6;galactose;0;g/L;1
ecol;8;galactose;0;g/L;1
ecol;10;galactose;0;g/L;1
ecol;12;galactose;0;g/L;1
ecol;14;galactose;0;g/L;1
ecol;16;galactose;0;g/L;1
ecol;18;galactose;0;g/L;1
ecol;20;galactose;0;g/L;1
ecol;0;glucose;0;g/L;1
ecol;2;glucose;0;g/L;1
ecol;4;glucose;0;g/L;1
ecol;6;glucose;0;g/L;1
ecol;8;glucose;0.535132665;g/L;1
ecol;10;glucose;0;g/L;1
ecol;12;glucose;0;g/L;1
ecol;14;glucose;0;g/L;1
ecol;16;glucose;0;g/L;1
ecol;18;glucose;0;g/L;1
ecol;20;glucose;0;g/L;1
ecol;0;lactose;1.117239382;g/L;1
ecol;2;lactose;1.812694964;g/L;1
ecol;4;lactose;1.108121356;g/L;1
ecol;6;lactose;1.758849408;g/L;1
ecol;8;lactose;7.884636045;g/L;1
ecol;10;lactose;3.619239893;g/L;1
ecol;12;lactose;0;g/L;1
ecol;14;lactose;0;g/L;1
ecol;16;lactose;0;g/L;1
ecol;18;lactose;0;g/L;1
ecol;20;lactose;0;g/L;1
ecol;0;2fl;8;g/L;1
ecol;2;2fl;13.08827208;g/L;1
ecol;4;2fl;9.654183882;g/L;1
ecol;6;2fl;11.33842274;g/L;1
ecol;8;2fl;16.15207903;g/L;1
ecol;10;2fl;15.4422829;g/L;1
ecol;12;2fl;0;g/L;1
ecol;14;2fl;0;g/L;1
ecol;16;2fl;0;g/L;1
ecol;18;2fl;0;g/L;1
ecol;20;2fl;0;g/L;1
ecol;0;3sl;3.805509944;g/L;1
ecol;2;3sl;7.149287596;g/L;1
ecol;4;3sl;5.362720658;g/L;1
ecol;6;3sl;5.7697386;g/L;1
ecol;8;3sl;7.807952102;g/L;1
ecol;10;3sl;11.14438404;g/L;1
ecol;12;3sl;0;g/L;1
ecol;14;3sl;0;g/L;1
ecol;16;3sl;0;g/L;1
ecol;18;3sl;0;g/L;1
ecol;20;3sl;0;g/L;1
ecol;0;lnt;8.148407429;g/L;1
ecol;2;lnt;10.93390369;g/L;1
ecol;4;lnt;8.992537301;g/L;1
ecol;6;lnt;9.9389526;g/L;1
ecol;8;lnt;10.01885519;g/L;1
ecol;10;lnt;11.54240409;g/L;1
ecol;12;lnt;0;g/L;1
ecol;14;lnt;0;g/L;1
ecol;16;lnt;0;g/L;1
ecol;18;lnt;0;g/L;1
ecol;20;lnt;0;g/L;1
ecol;0;fucose;0;g/L;2
ecol;2;fucose;0;g/L;2
ecol;4;fucose;0;g/L;2
ecol;6;fucose;0;g/L;2
ecol;8;fucose;1.658912338;g/L;2
ecol;10;fucose;1.257924345;g/L;2
ecol;12;fucose;0;g/L;2
ecol;14;fucose;0;g/L;2
ecol;16;fucose;0;g/L;2
ecol;18;fucose;0;g/L;2
ecol;20;fucose;0;g/L;2
ecol;0;galactose;0;g/L;2
ecol;2;galactose;0;g/L;2
ecol;4;galactose;0;g/L;2
ecol;6;galactose;0;g/L;2
ecol;8;galactose;0;g/L;2
ecol;10;galactose;0;g/L;2
ecol;12;galactose;0;g/L;2
ecol;14;galactose;0;g/L;2
ecol;16;galactose;0;g/L;2
ecol;18;galactose;0;g/L;2
ecol;20;galactose;0;g/L;2
ecol;0;glucose;0;g/L;2
ecol;2;glucose;0;g/L;2
ecol;4;glucose;0;g/L;2
ecol;6;glucose;0;g/L;2
ecol;8;glucose;0;g/L;2
ecol;10;glucose;0;g/L;2
ecol;12;glucose;0;g/L;2
ecol;14;glucose;0;g/L;2
ecol;16;glucose;0;g/L;2
ecol;18;glucose;0;g/L;2
ecol;20;glucose;0;g/L;2
ecol;0;lactose;1.446966014;g/L;2
ecol;2;lactose;1.616498572;g/L;2
ecol;4;lactose;2.040510172;g/L;2
ecol;6;lactose;1.995351547;g/L;2
ecol;8;lactose;4.146299765;g/L;2
ecol;10;lactose;5.383196651;g/L;2
ecol;12;lactose;0;g/L;2
ecol;14;lactose;0;g/L;2
ecol;16;lactose;0;g/L;2
ecol;18;lactose;0;g/L;2
ecol;20;lactose;0;g/L;2
ecol;0;2fl;8;g/L;2
ecol;2;2fl;8.513519213;g/L;2
ecol;4;2fl;9.310705736;g/L;2
ecol;6;2fl;5.107982635;g/L;2
ecol;8;2fl;4.983677531;g/L;2
ecol;10;2fl;14.21510025;g/L;2
ecol;12;2fl;0;g/L;2
ecol;14;2fl;0;g/L;2
ecol;16;2fl;0;g/L;2
ecol;18;2fl;0;g/L;2
ecol;20;2fl;0;g/L;2
ecol;0;3sl;5.733167531;g/L;2
ecol;2;3sl;6.176723539;g/L;2
ecol;4;3sl;4.762589762;g/L;2
ecol;6;3sl;3.396600701;g/L;2
ecol;8;3sl;3.209596963;g/L;2
ecol;10;3sl;6.996959144;g/L;2
ecol;12;3sl;0;g/L;2
ecol;14;3sl;0;g/L;2
ecol;16;3sl;0;g/L;2
ecol;18;3sl;0;g/L;2
ecol;20;3sl;0;g/L;2
ecol;0;lnt;7.516695404;g/L;2
ecol;2;lnt;7.720861314;g/L;2
ecol;4;lnt;8.487878049;g/L;2
ecol;6;lnt;4.844724002;g/L;2
ecol;8;lnt;3.030580967;g/L;2
ecol;10;lnt;10.47734064;g/L;2
ecol;12;lnt;0;g/L;2
ecol;14;lnt;0;g/L;2
ecol;16;lnt;0;g/L;2
ecol;18;lnt;0;g/L;2
ecol;20;lnt;0;g/L;2
ecol;10;acetate;3.852252091;g/L;1
ecol;10;succinate;0.178651232;g/L;1
ecol;10;lactate;4.923654376;g/L;1
ecol;10;butyrate;0;g/L;1
ecol;18;acetate;5.52674818;g/L;1
ecol;18;succinate;0.519959571;g/L;1
ecol;18;lactate;6.276327755;g/L;1
ecol;18;butyrate;0;g/L;1
ecol;10;acetate;4.830494822;g/L;2
ecol;10;succinate;0.351580282;g/L;2
ecol;10;lactate;5.426871222;g/L;2
ecol;10;butyrate;0;g/L;2
ecol;18;acetate;5.478819604;g/L;2
ecol;18;succinate;0.49558748;g/L;2
ecol;18;lactate;5.85036907;g/L;2
ecol;18;butyrate;0;g/L;2
ecol;0;neuac;4.755146331;g/L;1
ecol;4;neuac;4.395598392;g/L;1
ecol;8;neuac;6.75962778;g/L;1
ecol;12;neuac;19.95781757;g/L;1
ecol;16;neuac;13.32871439;g/L;1
ecol;20;neuac;13.09878077;g/L;1
ecol;0;neuac;4.510175484;g/L;2
ecol;4;neuac;7.189876452;g/L;2
ecol;8;neuac;8.959975608;g/L;2
ecol;12;neuac;14.80262786;g/L;2
ecol;16;neuac;7.908516444;g/L;2
ecol;20;neuac;12.28504958;g/L;2
ecol;0;biomass;0.135700002;od600;1
ecol;2;biomass;0.147566666;od600;1
ecol;4;biomass;0.169766665;od600;1
ecol;6;biomass;0.270399998;od600;1
ecol;8;biomass;0.543866654;od600;1
ecol;10;biomass;1.851500024;od600;1
ecol;12;biomass;2.19416668;od600;1
ecol;14;biomass;2.210833331;od600;1
ecol;16;biomass;2.111666699;od600;1
ecol;18;biomass;2.136166642;od600;1
ecol;20;biomass;2.283166647;od600;1
ecol;0;biomass;0.143700004;od600;2
ecol;2;biomass;0.137733335;od600;2
ecol;4;biomass;0.185233335;od600;2
ecol;6;biomass;0.308599999;od600;2
ecol;8;biomass;0.613100012;od600;2
ecol;10;biomass;1.851166685;od600;2
ecol;12;biomass;2.10316668;od600;2
ecol;14;biomass;1.776499997;od600;2
ecol;16;biomass;1.948499978;od600;2
ecol;18;biomass;2.176666657;od600;2
ecol;20;biomass;2.480500042;od600;2
ecol;10;bbif;0.5539;relative abundance;na
ecol;10;bthe;0.2493;relative abundance;na
ecol;10;lsym;0.0994;relative abundance;na
ecol;10;ecol;0.0095;relative abundance;na
ecol;10;binf;0.0039;relative abundance;na
ecol;10;paci;0.0003;relative abundance;na
ecol;10;bbre;0.0836;relative abundance;na
ecol;10;shannon_diversity;1.17877894;adimensional;na
ecol;18;bbif;0.7293;relative abundance;na
ecol;18;bthe;0.1202;relative abundance;na
ecol;18;lsym;0.0533;relative abundance;na
ecol;18;ecol;0.0014;relative abundance;na
ecol;18;binf;0.0049;relative abundance;na
ecol;18;paci;0;relative abundance;na
ecol;18;bbre;0.0908;relative abundance;na
ecol;18;shannon_diversity;0.894238132;adimensional;na
lsym;0;fucose;0;g/L;1
lsym;2;fucose;0;g/L;1
lsym;4;fucose;0;g/L;1
lsym;6;fucose;0;g/L;1
lsym;8;fucose;2.785094413;g/L;1
lsym;10;fucose;1.490435217;g/L;1
lsym;12;fucose;4.057941512;g/L;1
lsym;14;fucose;3.205636677;g/L;1
lsym;16;fucose;4.057391393;g/L;1
lsym;18;fucose;2.55615311;g/L;1
lsym;20;fucose;2.665664051;g/L;1
lsym;0;galactose;0;g/L;1
lsym;2;galactose;0;g/L;1
lsym;4;galactose;0;g/L;1
lsym;6;galactose;0;g/L;1
lsym;8;galactose;0.698964497;g/L;1
lsym;10;galactose;0;g/L;1
lsym;12;galactose;0;g/L;1
lsym;14;galactose;0;g/L;1
lsym;16;galactose;0;g/L;1
lsym;18;galactose;0;g/L;1
lsym;20;galactose;0;g/L;1
lsym;0;glucose;0;g/L;1
lsym;2;glucose;0;g/L;1
lsym;4;glucose;0;g/L;1
lsym;6;glucose;0;g/L;1
lsym;8;glucose;1.125781624;g/L;1
lsym;10;glucose;1.51408182;g/L;1
lsym;12;glucose;3.766433096;g/L;1
lsym;14;glucose;1.429288067;g/L;1
lsym;16;glucose;0;g/L;1
lsym;18;glucose;0;g/L;1
lsym;20;glucose;0;g/L;1
lsym;0;lactose;1.51724899;g/L;1
lsym;2;lactose;1.188888486;g/L;1
lsym;4;lactose;1.647131593;g/L;1
lsym;6;lactose;3.621413565;g/L;1
lsym;8;lactose;8.132048655;g/L;1
lsym;10;lactose;3.177374861;g/L;1
lsym;12;lactose;1.985212567;g/L;1
lsym;14;lactose;0;g/L;1
lsym;16;lactose;0;g/L;1
lsym;18;lactose;0;g/L;1
lsym;20;lactose;0;g/L;1
lsym;0;2fl;8;g/L;1
lsym;2;2fl;6.359121869;g/L;1
lsym;4;2fl;7.299216861;g/L;1
lsym;6;2fl;6.038980243;g/L;1
lsym;8;2fl;1.005680176;g/L;1
lsym;10;2fl;0;g/L;1
lsym;12;2fl;0;g/L;1
lsym;14;2fl;0;g/L;1
lsym;16;2fl;0;g/L;1
lsym;18;2fl;0;g/L;1
lsym;20;2fl;0;g/L;1
lsym;0;3sl;1.839201308;g/L;1
lsym;2;3sl;1.748180967;g/L;1
lsym;4;3sl;2.301475593;g/L;1
lsym;6;3sl;1.351225327;g/L;1
lsym;8;3sl;0.722770589;g/L;1
lsym;10;3sl;0;g/L;1
lsym;12;3sl;0;g/L;1
lsym;14;3sl;0;g/L;1
lsym;16;3sl;0;g/L;1
lsym;18;3sl;0;g/L;1
lsym;20;3sl;0;g/L;1
lsym;0;lnt;9.973161777;g/L;1
lsym;2;lnt;11.98778778;g/L;1
lsym;4;lnt;8.360540059;g/L;1
lsym;6;lnt;6.326634734;g/L;1
lsym;8;lnt;0;g/L;1
lsym;10;lnt;0;g/L;1
lsym;12;lnt;0;g/L;1
lsym;14;lnt;0;g/L;1
lsym;16;lnt;0;g/L;1
lsym;18;lnt;0;g/L;1
lsym;20;lnt;0;g/L;1
lsym;0;fucose;0;g/L;2
lsym;2;fucose;0;g/L;2
lsym;4;fucose;0;g/L;2
lsym;6;fucose;0.494622263;g/L;2
lsym;8;fucose;3.498317192;g/L;2
lsym;10;fucose;3.051394373;g/L;2
lsym;12;fucose;2.355156981;g/L;2
lsym;14;fucose;3.226141177;g/L;2
lsym;16;fucose;2.300426534;g/L;2
lsym;18;fucose;2.204345357;g/L;2
lsym;20;fucose;2.453591014;g/L;2
lsym;0;galactose;0;g/L;2
lsym;2;galactose;0;g/L;2
lsym;4;galactose;0;g/L;2
lsym;6;galactose;0.158718731;g/L;2
lsym;8;galactose;0.313755415;g/L;2
lsym;10;galactose;3.967639053;g/L;2
lsym;12;galactose;2.704842674;g/L;2
lsym;14;galactose;1.061469557;g/L;2
lsym;16;galactose;0;g/L;2
lsym;18;galactose;0;g/L;2
lsym;20;galactose;0;g/L;2
lsym;0;glucose;0;g/L;2
lsym;2;glucose;0;g/L;2
lsym;4;glucose;0;g/L;2
lsym;6;glucose;0.161696435;g/L;2
lsym;8;glucose;1.499780577;g/L;2
lsym;10;glucose;5.384799618;g/L;2
lsym;12;glucose;0.628653868;g/L;2
lsym;14;glucose;0;g/L;2
lsym;16;glucose;0;g/L;2
lsym;18;glucose;0;g/L;2
lsym;20;glucose;0;g/L;2
lsym;0;lactose;2.008479973;g/L;2
lsym;2;lactose;1.923785823;g/L;2
lsym;4;lactose;2.099378624;g/L;2
lsym;6;lactose;5.694734607;g/L;2
lsym;8;lactose;9.450997459;g/L;2
lsym;10;lactose;0;g/L;2
lsym;12;lactose;0;g/L;2
lsym;14;lactose;0;g/L;2
lsym;16;lactose;0;g/L;2
lsym;18;lactose;0;g/L;2
lsym;20;lactose;0;g/L;2
lsym;0;2fl;8;g/L;2
lsym;2;2fl;7.704138589;g/L;2
lsym;4;2fl;7.248239162;g/L;2
lsym;6;2fl;6.289907213;g/L;2
lsym;8;2fl;0.822271732;g/L;2
lsym;10;2fl;0;g/L;2
lsym;12;2fl;0;g/L;2
lsym;14;2fl;0;g/L;2
lsym;16;2fl;0;g/L;2
lsym;18;2fl;0;g/L;2
lsym;20;2fl;0;g/L;2
lsym;0;3sl;1.626495572;g/L;2
lsym;2;3sl;1.774246155;g/L;2
lsym;4;3sl;1.312970233;g/L;2
lsym;6;3sl;1.319806374;g/L;2
lsym;8;3sl;0.428335116;g/L;2
lsym;10;3sl;0;g/L;2
lsym;12;3sl;0;g/L;2
lsym;14;3sl;0;g/L;2
lsym;16;3sl;0;g/L;2
lsym;18;3sl;0;g/L;2
lsym;20;3sl;0;g/L;2
lsym;0;lnt;8.925422604;g/L;2
lsym;2;lnt;8.760796247;g/L;2
lsym;4;lnt;8.079680881;g/L;2
lsym;6;lnt;5.206594476;g/L;2
lsym;8;lnt;0;g/L;2
lsym;10;lnt;0;g/L;2
lsym;12;lnt;0;g/L;2
lsym;14;lnt;0;g/L;2
lsym;16;lnt;0;g/L;2
lsym;18;lnt;0;g/L;2
lsym;20;lnt;0;g/L;2
lsym;10;acetate;2.502895588;g/L;1
lsym;10;succinate;0.960695826;g/L;1
lsym;10;lactate;4.439357731;g/L;1
lsym;10;butyrate;0.035429472;g/L;1
lsym;18;acetate;3.514872341;g/L;1
lsym;18;succinate;1.017594522;g/L;1
lsym;18;lactate;7.910831453;g/L;1
lsym;18;butyrate;0;g/L;1
lsym;10;acetate;2.590834181;g/L;2
lsym;10;succinate;0.859602712;g/L;2
lsym;10;lactate;4.907037678;g/L;2
lsym;10;butyrate;0;g/L;2
lsym;18;acetate;3.981333807;g/L;2
lsym;18;succinate;1.107869567;g/L;2
lsym;18;lactate;8.307494081;g/L;2
lsym;18;butyrate;0;g/L;2
lsym;0;neuac;3.940667491;g/L;1
lsym;4;neuac;3.862464168;g/L;1
lsym;8;neuac;14.31781867;g/L;1
lsym;12;neuac;15.44098595;g/L;1
lsym;16;neuac;16.55479999;g/L;1
lsym;20;neuac;15.26951003;g/L;1
lsym;0;neuac;3.867140784;g/L;2
lsym;4;neuac;4.73309418;g/L;2
lsym;8;neuac;16.00997423;g/L;2
lsym;12;neuac;17.27032224;g/L;2
lsym;16;neuac;16.41995756;g/L;2
lsym;20;neuac;17.14561248;g/L;2
lsym;0;biomass;0.133333335;od600;1
lsym;2;biomass;0.14593333;od600;1
lsym;4;biomass;0.189833333;od600;1
lsym;6;biomass;0.3025;od600;1
lsym;8;biomass;0.492766668;od600;1
lsym;10;biomass;1.375166724;od600;1
lsym;12;biomass;1.636000027;od600;1
lsym;14;biomass;1.842500021;od600;1
lsym;16;biomass;2.031333347;od600;1
lsym;18;biomass;1.955499997;od600;1
lsym;20;biomass;1.97300002;od600;1
lsym;0;biomass;0.131466667;od600;2
lsym;2;biomass;0.1749;od600;2
lsym;4;biomass;0.202999999;od600;2
lsym;6;biomass;0.326433331;od600;2
lsym;8;biomass;0.546366672;od600;2
lsym;10;biomass;1.502666672;od600;2
lsym;12;biomass;1.815999995;od600;2
lsym;14;biomass;1.921666612;od600;2
lsym;16;biomass;1.981833329;od600;2
lsym;18;biomass;2.101666679;od600;2
lsym;20;biomass;2.067333311;od600;2
lsym;10;bbif;0.2805;relative abundance;na
lsym;10;bthe;0.383;relative abundance;na
lsym;10;lsym;0.0051;relative abundance;na
lsym;10;ecol;0.307;relative abundance;na
lsym;10;binf;0.0009;relative abundance;na
lsym;10;paci;0.0001;relative abundance;na
lsym;10;bbre;0.0234;relative abundance;na
lsym;10;shannon_diversity;1.208698623;adimensional;na
lsym;18;bbif;0.6436;relative abundance;na
lsym;18;bthe;0.2279;relative abundance;na
lsym;18;lsym;0.007;relative abundance;na
lsym;18;ecol;0.1039;relative abundance;na
lsym;18;binf;0.0007;relative abundance;na
lsym;18;paci;0.0002;relative abundance;na
lsym;18;bbre;0.0165;relative abundance;na
lsym;18;shannon_diversity;0.965157293;adimensional;na
paci;0;fucose;0;g/L;1
paci;2;fucose;0;g/L;1
paci;4;fucose;0;g/L;1
paci;6;fucose;0;g/L;1
paci;8;fucose;0;g/L;1
paci;10;fucose;1.913687478;g/L;1
paci;12;fucose;7.557612931;g/L;1
paci;14;fucose;6.631885277;g/L;1
paci;16;fucose;6.423009589;g/L;1
paci;18;fucose;6.309094712;g/L;1
paci;20;fucose;5.994317355;g/L;1
paci;0;galactose;0;g/L;1
paci;2;galactose;0;g/L;1
paci;4;galactose;0;g/L;1
paci;6;galactose;0;g/L;1
paci;8;galactose;0;g/L;1
paci;10;galactose;0.256860304;g/L;1
paci;12;galactose;1.264667221;g/L;1
paci;14;galactose;0.648259221;g/L;1
paci;16;galactose;0.332271468;g/L;1
paci;18;galactose;0;g/L;1
paci;20;galactose;0;g/L;1
paci;0;glucose;0;g/L;1
paci;2;glucose;0;g/L;1
paci;4;glucose;0;g/L;1
paci;6;glucose;0;g/L;1
paci;8;glucose;0;g/L;1
paci;10;glucose;0.29600597;g/L;1
paci;12;glucose;2.518920763;g/L;1
paci;14;glucose;3.655463366;g/L;1
paci;16;glucose;2.765784007;g/L;1
paci;18;glucose;0;g/L;1
paci;20;glucose;0;g/L;1
paci;0;lactose;2.171113543;g/L;1
paci;2;lactose;2.127997498;g/L;1
paci;4;lactose;2.552690493;g/L;1
paci;6;lactose;2.453031087;g/L;1
paci;8;lactose;4.266671806;g/L;1
paci;10;lactose;7.551744801;g/L;1
paci;12;lactose;11.03153476;g/L;1
paci;14;lactose;4.759071254;g/L;1
paci;16;lactose;1.469601326;g/L;1
paci;18;lactose;0;g/L;1
paci;20;lactose;0;g/L;1
paci;0;2fl;8;g/L;1
paci;2;2fl;6.684613228;g/L;1
paci;4;2fl;7.027404771;g/L;1
paci;6;2fl;7.264889743;g/L;1
paci;8;2fl;7.574771363;g/L;1
paci;10;2fl;3.376692453;g/L;1
paci;12;2fl;0;g/L;1
paci;14;2fl;0;g/L;1
paci;16;2fl;0;g/L;1
paci;18;2fl;0;g/L;1
paci;20;2fl;0;g/L;1
paci;0;3sl;3.106388007;g/L;1
paci;2;3sl;3.39837392;g/L;1
paci;4;3sl;3.443898313;g/L;1
paci;6;3sl;3.089303939;g/L;1
paci;8;3sl;1.957953457;g/L;1
paci;10;3sl;1.096602703;g/L;1
paci;12;3sl;0;g/L;1
paci;14;3sl;0;g/L;1
paci;16;3sl;0;g/L;1
paci;18;3sl;0;g/L;1
paci;20;3sl;0;g/L;1
paci;0;lnt;7.821300753;g/L;1
paci;2;lnt;5.78847631;g/L;1
paci;4;lnt;5.393132871;g/L;1
paci;6;lnt;5.855459392;g/L;1
paci;8;lnt;5.410796263;g/L;1
paci;10;lnt;1.044150384;g/L;1
paci;12;lnt;0;g/L;1
paci;14;lnt;0;g/L;1
paci;16;lnt;0;g/L;1
paci;18;lnt;0;g/L;1
paci;20;lnt;0;g/L;1
paci;0;fucose;0;g/L;2
paci;2;fucose;0;g/L;2
paci;4;fucose;0;g/L;2
paci;6;fucose;0;g/L;2
paci;8;fucose;0;g/L;2
paci;10;fucose;7.012348314;g/L;2
paci;12;fucose;12.64922547;g/L;2
paci;14;fucose;16.84013366;g/L;2
paci;16;fucose;11.02044645;g/L;2
paci;18;fucose;8.276223576;g/L;2
paci;20;fucose;6.435631407;g/L;2
paci;0;galactose;0;g/L;2
paci;2;galactose;0;g/L;2
paci;4;galactose;0;g/L;2
paci;6;galactose;0;g/L;2
paci;8;galactose;0;g/L;2
paci;10;galactose;1.523852882;g/L;2
paci;12;galactose;1.95002081;g/L;2
paci;14;galactose;3.118156783;g/L;2
paci;16;galactose;0;g/L;2
paci;18;galactose;0;g/L;2
paci;20;galactose;0;g/L;2
paci;0;glucose;0;g/L;2
paci;2;glucose;0;g/L;2
paci;4;glucose;0;g/L;2
paci;6;glucose;0;g/L;2
paci;8;glucose;0;g/L;2
paci;10;glucose;1.158525397;g/L;2
paci;12;glucose;3.746225687;g/L;2
paci;14;glucose;7.148130156;g/L;2
paci;16;glucose;2.559881113;g/L;2
paci;18;glucose;0;g/L;2
paci;20;glucose;0;g/L;2
paci;0;lactose;2.644495433;g/L;2
paci;2;lactose;5.340971525;g/L;2
paci;4;lactose;3.912198502;g/L;2
paci;6;lactose;7.979621939;g/L;2
paci;8;lactose;5.573231827;g/L;2
paci;10;lactose;17.23719828;g/L;2
paci;12;lactose;19.52223774;g/L;2
paci;14;lactose;9.341319489;g/L;2
paci;16;lactose;0;g/L;2
paci;18;lactose;0;g/L;2
paci;20;lactose;0;g/L;2
paci;0;2fl;8;g/L;2
paci;2;2fl;16.1040221;g/L;2
paci;4;2fl;10.57936247;g/L;2
paci;6;2fl;23.31451081;g/L;2
paci;8;2fl;12.26090168;g/L;2
paci;10;2fl;11.26666652;g/L;2
paci;12;2fl;0;g/L;2
paci;14;2fl;0;g/L;2
paci;16;2fl;0;g/L;2
paci;18;2fl;0;g/L;2
paci;20;2fl;0;g/L;2
paci;0;3sl;2.464090567;g/L;2
paci;2;3sl;9.191097217;g/L;2
paci;4;3sl;20.57240948;g/L;2
paci;6;3sl;9.076530173;g/L;2
paci;8;3sl;4.286411371;g/L;2
paci;10;3sl;3.536478465;g/L;2
paci;12;3sl;0;g/L;2
paci;14;3sl;0;g/L;2
paci;16;3sl;0;g/L;2
paci;18;3sl;0;g/L;2
paci;20;3sl;0;g/L;2
paci;0;lnt;6.283775069;g/L;2
paci;2;lnt;13.92922757;g/L;2
paci;4;lnt;8.049655239;g/L;2
paci;6;lnt;17.83834967;g/L;2
paci;8;lnt;8.080546128;g/L;2
paci;10;lnt;3.225675946;g/L;2
paci;12;lnt;0;g/L;2
paci;14;lnt;0;g/L;2
paci;16;lnt;0;g/L;2
paci;18;lnt;0;g/L;2
paci;20;lnt;0;g/L;2
paci;10;acetate;2.444597786;g/L;1
paci;10;succinate;0.996880531;g/L;1
paci;10;lactate;4.698693584;g/L;1
paci;10;butyrate;0.042792082;g/L;1
paci;18;acetate;3.305406065;g/L;1
paci;18;succinate;1.255447224;g/L;1
paci;18;lactate;7.147895508;g/L;1
paci;18;butyrate;0.027838324;g/L;1
paci;10;acetate;2.471853788;g/L;2
paci;10;succinate;0.878198053;g/L;2
paci;10;lactate;5.246435433;g/L;2
paci;10;butyrate;0.019172434;g/L;2
paci;18;acetate;3.559138089;g/L;2
paci;18;succinate;0.946474963;g/L;2
paci;18;lactate;8.091077635;g/L;2
paci;18;butyrate;0;g/L;2
paci;0;neuac;5.439345478;g/L;1
paci;4;neuac;1.772016816;g/L;1
paci;8;neuac;8.92645986;g/L;1
paci;12;neuac;15.59687315;g/L;1
paci;16;neuac;15.46125128;g/L;1
paci;20;neuac;17.75045482;g/L;1
paci;0;neuac;4.341817308;g/L;2
paci;4;neuac;5.2553163;g/L;2
paci;8;neuac;4.712828844;g/L;2
paci;12;neuac;16.92503209;g/L;2
paci;16;neuac;15.64519818;g/L;2
paci;20;neuac;17.45193083;g/L;2
paci;0;biomass;0.133266668;od600;1
paci;2;biomass;0.156866665;od600;1
paci;4;biomass;0.213066667;od600;1
paci;6;biomass;0.277033339;od600;1
paci;8;biomass;0.341233343;od600;1
paci;10;biomass;0.436166664;od600;1
paci;12;biomass;0.624900003;od600;1
paci;14;biomass;1.368499994;od600;1
paci;16;biomass;1.501999994;od600;1
paci;18;biomass;1.627833297;od600;1
paci;20;biomass;1.705500036;od600;1
paci;0;biomass;0.137100006;od600;2
paci;2;biomass;0.135966664;od600;2
paci;4;biomass;0.158033331;od600;2
paci;6;biomass;0.2048;od600;2
paci;8;biomass;0.274966667;od600;2
paci;10;biomass;0.38226667;od600;2
paci;12;biomass;0.621266663;od600;2
paci;14;biomass;1.524500052;od600;2
paci;16;biomass;1.969999969;od600;2
paci;18;biomass;1.974499971;od600;2
paci;20;biomass;2.051333338;od600;2
paci;10;bbif;0.0347;relative abundance;na
paci;10;bthe;0.1879;relative abundance;na
paci;10;lsym;0.1496;relative abundance;na
paci;10;ecol;0.4316;relative abundance;na
paci;10;binf;0.0029;relative abundance;na
paci;10;paci;0.0001;relative abundance;na
paci;10;bbre;0.1932;relative abundance;na
paci;10;shannon_diversity;1.413122447;adimensional;na
paci;18;bbif;0.4812;relative abundance;na
paci;18;bthe;0.2979;relative abundance;na
paci;18;lsym;0.034;relative abundance;na
paci;18;ecol;0.1748;relative abundance;na
paci;18;binf;0.0003;relative abundance;na
paci;18;paci;0;relative abundance;na
paci;18;bbre;0.0117;relative abundance;na
paci;18;shannon_diversity;1.187056007;adimensional;na
